Mean Test Accuracy,Mean Precision,Mean Recall,Mean F1 Score
,,,
0.4595291327277664,0.47852541506290436,0.47866368293762207,0.0
0.5655607134103775,0.5,0.2520610839128494,0.0
