Test Accuracy,Precision,Recall,F1 Score
,,,
0.47959183156490326,0.3647959183673469,0.375,0.0
0.4790816307067871,0.3647750511247444,0.37472222222222223,0.0
0.4647989273071289,0.2393541518807665,0.24214247047863635,0.0
